<?xml version="1.0" encoding="UTF-8"?>
<project xmlns="http://maven.apache.org/POM/4.0.0"
         xmlns:xsi="http://www.w3.org/2001/XMLSchema-instance"
         xsi:schemaLocation="http://maven.apache.org/POM/4.0.0 
         http://maven.apache.org/xsd/maven-4.0.0.xsd">
    <modelVersion>4.0.0</modelVersion>
    
    <groupId>com.lifestream</groupId>
    <artifactId>bloodbank-parent</artifactId>
    <version>1.0.0</version>
    <packaging>pom</packaging>
    <name>Blood Bank Parent</name>
    
    <modules>
        <module>backend</module>
    </modules>
    
    <properties>
        <java.version>17</java.version>
        <maven.compiler.source>17</maven.compiler.source>
        <maven.compiler.target>17</maven.compiler.target>
    </properties>
</project>